county,parcels,trust_parcels,pct_parcels_in_trust,trust_just_value,residential_parcels,trust_residential_parcels,pct_residential_in_trust,trust_homestead_parcels,kind_revocable,kind_irrevocable,kind_testamentary,kind_land,kind_unstated,trustees_single,trustees_joint,trustees_trust_named,land_numbered,land_named,land_corporate_trustee,family_trust_parcels,family_trust_residential_parcels,family_trust_homestead_parcels,pct_residential_in_family_trust,trust_designation_on_roll
Alachua,109378,214,0.2,59735343,91410,145,0.16,26,35,0,0,19,160,16,19,179,10,6,3,195,131,25,0.14,unreliable
Baker,13182,143,1.08,30011775,9355,78,0.83,32,15,1,0,21,106,81,2,60,7,14,0,122,68,31,0.73,unreliable
Bay,131060,6367,4.86,2418595176,119981,5973,4.98,1706,118,27,0,62,6160,3971,1817,579,29,28,5,6305,5913,1706,4.93,recorded
Bradford,15883,719,4.53,137836697,11886,479,4.03,199,434,4,1,37,243,3,2,714,7,30,0,682,450,198,3.79,recorded
Brevard,350710,20420,5.82,7071213900,323824,19419,6.0,10287,5047,95,10,606,14662,4253,224,15943,92,478,36,19814,18862,10240,5.82,recorded
Broward,754549,24533,3.25,14799190900,694173,23131,3.33,800,13568,919,4,1530,8512,21864,2333,336,257,1272,1,23003,21702,754,3.13,recorded
Calhoun,13294,298,2.24,21716944,7074,89,1.26,18,12,0,0,11,275,129,31,138,11,0,0,287,85,17,1.2,recorded
Charlotte,222623,20466,9.19,5534667697,209612,19595,9.35,8577,310,12,1,94,20049,12200,7058,1208,44,43,7,20372,19508,8571,9.31,recorded
Citrus,147815,1419,0.96,182249871,135579,1282,0.95,298,140,1,0,36,1242,915,57,447,6,18,12,1383,1252,297,0.92,unreliable
Clay,105837,981,0.93,256198921,99082,820,0.83,245,95,8,0,66,812,400,322,259,5,19,42,915,764,240,0.77,unreliable
Collier,297635,48186,16.19,53988201264,239494,46978,19.62,21721,23760,768,2,1204,22452,1626,381,46179,559,644,1,46982,45852,21485,19.15,recorded
Columbia,37646,1148,3.05,264468562,28220,641,2.27,237,423,8,0,107,610,213,14,921,11,96,0,1041,598,236,2.12,recorded
DeSoto,20199,1556,7.7,368834109,12979,736,5.67,336,3,1,0,6,1546,652,878,26,1,5,0,1550,730,336,5.62,recorded
Dixie,16514,198,1.2,22123241,12442,141,1.13,24,112,2,0,8,76,25,0,173,1,7,0,190,134,24,1.08,recorded
Duval,404023,16094,3.98,7050370261,366901,14746,4.02,7142,5132,42,4,2139,8777,785,33,15276,755,1383,1,13955,12924,7061,3.52,recorded
Escambia,171483,5497,3.21,1522212255,142813,4413,3.09,1759,92,1,0,51,5353,4646,272,579,33,11,7,5446,4373,1754,3.06,recorded
Flagler,89043,1905,2.14,723723597,82293,1838,2.23,737,85,3,0,131,1686,1076,243,586,6,121,4,1774,1713,730,2.08,recorded
Franklin,18561,217,1.17,82188002,16089,207,1.29,17,19,0,0,2,196,119,14,84,2,0,0,215,205,17,1.27,recorded
Gadsden,27927,454,1.63,97671223,20547,191,0.93,76,118,19,0,27,290,36,2,416,3,24,0,427,172,73,0.84,unreliable
Gilchrist,14763,678,4.59,143918338,9420,280,2.97,136,65,0,0,7,606,422,43,213,0,6,1,671,277,135,2.94,recorded
Glades,11648,381,3.27,154084318,7700,248,3.22,66,170,9,0,5,197,208,17,156,0,5,0,376,245,66,3.18,recorded
Gulf,20168,880,4.36,391484839,17205,817,4.75,126,140,4,0,11,725,282,58,540,2,6,3,869,806,126,4.68,recorded
Hamilton,13197,383,2.9,70549330,8296,146,1.76,23,18,0,0,4,361,273,26,84,1,3,0,379,142,23,1.71,recorded
Hardee,15312,709,4.63,284839230,8445,202,2.39,126,3,0,0,3,703,634,35,40,1,2,0,706,199,126,2.36,recorded
Hendry,35810,1488,4.16,350007140,29308,1259,4.3,202,14,1,0,110,1363,1292,57,139,0,109,1,1378,1153,202,3.93,recorded
Hernando,120408,9823,8.16,2715884451,107729,8941,8.3,4908,75,6,0,118,9624,9299,111,413,16,94,8,9705,8837,4905,8.2,recorded
Highlands,112748,6405,5.68,1078460728,97327,5646,5.8,1417,142,2,0,94,6167,2545,940,2920,15,76,3,6311,5562,1413,5.71,recorded
Hillsborough,527636,31388,5.95,14330021319,482723,29276,6.06,18157,319,15,0,302,30752,29638,140,1610,45,135,122,31086,29012,18118,6.01,recorded
Holmes,14631,439,3.0,73296897,7574,138,1.82,53,171,2,0,17,249,46,16,377,5,12,0,422,131,50,1.73,recorded
Indian River,95446,11003,11.53,9230835381,87416,10572,12.09,6154,0,0,0,3,11000,507,10479,17,0,3,0,11000,10572,6154,12.09,recorded
Jackson,40301,1727,4.29,192309646,27734,896,3.23,203,444,10,0,31,1242,142,83,1502,12,18,1,1696,877,202,3.16,recorded
Jefferson,12353,624,5.05,128010283,6403,207,3.23,103,229,4,0,8,383,129,50,445,2,6,0,616,200,102,3.12,recorded
Lafayette,7463,487,6.53,71769036,3571,187,5.24,53,17,1,0,2,467,422,28,37,1,1,0,485,186,53,5.21,recorded
Lake,215806,11315,5.24,3829054058,193743,10017,5.17,5957,2435,52,2,366,8460,2866,1043,7406,76,270,20,10949,9704,5931,5.01,recorded
Lee,561559,66224,11.79,31945859772,526874,64338,12.21,29181,5,0,0,401,65818,48653,9908,7663,68,302,31,65823,64041,29159,12.15,recorded
Leon,111379,3987,3.58,1193581519,99763,3657,3.67,1624,1068,18,3,247,2651,335,34,3618,44,203,0,3740,3432,1609,3.44,recorded
Levy,47381,2578,5.44,581011839,37810,1743,4.61,463,16,1,0,8,2553,1660,873,45,2,5,1,2570,1735,463,4.59,recorded
Liberty,6012,247,4.11,60006814,3337,74,2.22,16,5,0,0,3,239,220,5,22,2,1,0,244,73,16,2.19,recorded
Madison,16483,457,2.77,62869664,9417,156,1.66,50,7,2,0,13,435,334,58,65,0,7,6,444,145,49,1.54,recorded
Manatee,236531,639,0.27,257904544,222289,588,0.26,77,238,1,0,44,356,51,34,554,5,21,18,595,552,77,0.25,unreliable
Marion,286148,19398,6.78,5442035249,255259,17321,6.79,9546,6240,150,2,531,12475,6669,213,12516,103,424,4,18867,16858,9512,6.6,recorded
Martin,98197,6277,6.39,5534808006,77097,5902,7.66,3742,2922,81,2,206,3066,475,62,5740,71,135,0,6071,5752,3691,7.46,recorded
Miami-Dade,938308,54984,5.86,59102039743,833761,51664,6.2,25779,205,15,0,85,54679,1943,52331,710,10,41,34,54899,51589,25773,6.19,recorded
Monroe,89162,5050,5.66,7203039204,49668,4381,8.82,1303,2037,44,0,1745,1224,961,6,4083,1682,62,1,3305,2791,881,5.62,recorded
Nassau,59943,3639,6.07,2830476732,52563,3244,6.17,1903,1739,30,1,102,1767,186,40,3413,37,65,0,3537,3160,1896,6.01,recorded
Okaloosa,113908,8927,7.84,4001238881,100913,7909,7.84,3057,1995,16,1,219,6696,135,155,8637,80,139,0,8708,7731,3037,7.66,recorded
Okeechobee,31383,1126,3.59,318405693,26408,943,3.57,173,666,14,1,50,395,373,58,695,6,44,0,1076,908,170,3.44,recorded
Orange,493489,17520,3.55,9710525514,447375,16270,3.64,7221,5843,129,3,1629,9916,2542,14,14964,361,1265,3,15891,14829,7029,3.31,recorded
Osceola,214335,5698,2.66,2022057826,199030,5195,2.61,1715,2238,65,3,501,2891,448,49,5201,111,390,0,5197,4804,1675,2.41,recorded
Palm Beach,657490,32656,4.97,31173865096,617084,31477,5.1,2697,2651,173,3,1096,28733,1304,836,30516,127,962,7,31560,30446,2618,4.93,recorded
Pasco,335738,15493,4.61,3927897866,287508,12140,4.22,5837,4959,140,1,1406,8987,2055,418,13020,353,1053,0,14087,10907,5728,3.79,recorded
Pinellas,433770,37794,8.71,19962444273,404119,35888,8.88,18736,4452,137,1,1351,31853,27343,194,10257,440,828,83,36443,34740,18627,8.6,recorded
Polk,435650,12036,2.76,2671567865,339726,9728,2.86,3980,5035,115,3,1525,5358,955,75,11006,525,999,1,10511,8462,3917,2.49,recorded
Putnam,98036,3061,3.12,323693294,88765,2660,3.0,303,1109,19,1,447,1485,334,45,2682,50,392,5,2614,2258,297,2.54,recorded
Santa Rosa,122244,5268,4.31,1482561432,97710,3773,3.86,1707,889,10,53,50,4266,2442,956,1870,31,19,0,5218,3734,1702,3.82,recorded
Sarasota,307177,39759,12.94,22160192800,291096,38735,13.31,21201,6633,132,2,451,32541,24674,32,15053,157,293,1,39308,38308,21123,13.16,recorded
Seminole,179705,9253,5.15,4117261199,165121,8796,5.33,4938,4706,90,4,428,4025,331,195,8727,90,333,5,8825,8393,4877,5.08,recorded
St. Johns,168448,10924,6.49,6697754586,155509,10398,6.69,6366,5365,85,2,455,5017,547,32,10345,67,388,0,10469,9999,6316,6.43,recorded
St. Lucie,192346,13178,6.85,5059641981,175302,12775,7.29,7196,98,5,0,28,13047,12917,3,258,4,19,5,13150,12753,7194,7.27,recorded
Sumter,105716,11544,10.92,4294551536,95434,10961,11.49,7769,26,1,0,49,11468,7528,3646,370,35,10,4,11495,10927,7757,11.45,recorded
Suwannee,39023,1763,4.52,152439847,23230,660,2.84,202,56,0,0,17,1690,1317,149,297,12,4,1,1746,646,201,2.78,recorded
Taylor,19729,632,3.2,80666760,13983,417,2.98,73,24,0,0,13,595,401,89,142,6,5,2,619,410,71,2.93,recorded
Union,7111,309,4.35,42607568,3562,76,2.13,59,34,0,0,0,275,71,12,226,0,0,0,309,76,59,2.13,recorded
Volusia,310941,23776,7.65,8691306322,273945,21788,7.95,10178,469,24,2,178,23103,22372,305,1099,98,35,45,23598,21657,10140,7.91,recorded
Wakulla,26729,628,2.35,107146989,21440,419,1.95,125,159,0,0,8,461,211,7,410,1,7,0,620,414,125,1.93,recorded
Walton,94601,6084,6.43,5447548369,80298,5293,6.59,1349,2919,81,3,340,2741,434,198,5452,166,174,0,5744,5100,1313,6.35,recorded
Washington,46472,2192,4.72,121007366,36309,1439,3.96,128,79,3,0,16,2094,1571,276,345,0,15,1,2176,1423,128,3.92,recorded
